text,label,source,hint
"Огоооооо) 
Нечего себеее)
Я что то пропустила,дорогая?",positive,rusentiment_random,Явная или подразумеваемая позитивная оценка либо настроение. Желание чего-то — тоже positive.
я не сомневалась в вас молодцы),positive,rusentiment_random,Явная или подразумеваемая позитивная оценка либо настроение. Желание чего-то — тоже positive.
"Фууу, опять надоевшая ссаная Германия проходит. Поражений во всех следующих матчах!",negative,rusentiment_random,"Явная или подразумеваемая негативная оценка либо настроение, включая сарказм."
поздровляем что ты блядь,negative,rusentiment_random,"Явная или подразумеваемая негативная оценка либо настроение, включая сарказм."
"Ребята которые идут на нас посмотреть 15 числа - мне надо с вас по 300 р собрать за билеты, нам их выкупать надо! Спасибо",neutral,rusentiment_random,"Факт, вопрос, реклама или описание без тональности. Смайлик сам по себе не делает пост тональным."
"Кто имеет уши слышать, да слышит! (Св. Евангелие от Матфея, глава 13)",neutral,rusentiment_random,"Факт, вопрос, реклама или описание без тональности. Смайлик сам по себе не делает пост тональным."
С Рождеством друзья =),speech,rusentiment_random,"Поздравление, благодарность, приветствие или пожелание — речевой акт, даже если он «позитивный»."
С днём рождения Тима!))),speech,rusentiment_random,"Поздравление, благодарность, приветствие или пожелание — речевой акт, даже если он «позитивный»."
"Все идут по улице с девушками,а я с сумкой после тренеровки...Я  бы поспорил кому повезло больше...))",skip,rusentiment_random,"Неясно без контекста, не русский язык, шутка или смешанный неразборчивый случай. При сомнении — skip."
"привет, нормик все,за тобой скучаю!!!ты как!?",skip,rusentiment_random,"Неясно без контекста, не русский язык, шутка или смешанный неразборчивый случай. При сомнении — skip."
Ну и начнем год с мимишек ),positive,rusentiment_random,Явная или подразумеваемая позитивная оценка либо настроение. Желание чего-то — тоже positive.
заяяя!давай не будем ругаться!!!ты мне дороже всех на свете!,positive,rusentiment_random,Явная или подразумеваемая позитивная оценка либо настроение. Желание чего-то — тоже positive.
Это вам не хухры мухры))))))))))А поздравление от МС Анюты ёпта))))),positive,rusentiment_random,Явная или подразумеваемая позитивная оценка либо настроение. Желание чего-то — тоже positive.
"Ты моя подруга, мы с тобой друзья.
Ты такая дура, прямо как и я.xD",positive,rusentiment_random,Явная или подразумеваемая позитивная оценка либо настроение. Желание чего-то — тоже positive.
"Плевать мне на других, я лишь с тобой буду счастливо жить!:*",positive,rusentiment_random,Явная или подразумеваемая позитивная оценка либо настроение. Желание чего-то — тоже positive.
посмотрите все кто учился  в ГМК!!!это просто не реально!!!,positive,rusentiment_random,Явная или подразумеваемая позитивная оценка либо настроение. Желание чего-то — тоже positive.
девушка Патрика Бери)) ему повезло)),positive,rusentiment_random,Явная или подразумеваемая позитивная оценка либо настроение. Желание чего-то — тоже positive.
Люблю-жить!!!!!,positive,rusentiment_random,Явная или подразумеваемая позитивная оценка либо настроение. Желание чего-то — тоже positive.
"любить себя , лучше!",positive,rusentiment_random,Явная или подразумеваемая позитивная оценка либо настроение. Желание чего-то — тоже positive.
Дочур я к тебе с вкусняшками зашла!,positive,rusentiment_random,Явная или подразумеваемая позитивная оценка либо настроение. Желание чего-то — тоже positive.
"Даже самая верная и любящая устанет ждать, если постоянно будет чувствовать холод и равнодушие в свой адрес.",negative,rusentiment_random,"Явная или подразумеваемая негативная оценка либо настроение, включая сарказм."
Мне плохо и тяжело. Этого не должно было случиться. Это как потерять родного человека. Кузьма. Скрябин. Андрей. Человек! Все слова - бред...,negative,rusentiment_random,"Явная или подразумеваемая негативная оценка либо настроение, включая сарказм."
И вообще! Я соскучилась:<,negative,rusentiment_random,"Явная или подразумеваемая негативная оценка либо настроение, включая сарказм."
Сезон отчаянного блядства!!Обьявляю открытым!!,negative,rusentiment_random,"Явная или подразумеваемая негативная оценка либо настроение, включая сарказм."
"#возмущение
Вот и ""прокачали""  новые сочинские электрички какие-то (скорее всего малолетние) подонки.

Почему-то вспомнилось: ""будете экономить на образовании - разоритесь на тюрьмах!"" ну и, как минимум, на новых электричках тоже.

[id144591031|Егор], ты популярен у школоты))",negative,rusentiment_random,"Явная или подразумеваемая негативная оценка либо настроение, включая сарказм."
"я свое творчиство удалю,а то мне стыдно)))))))",negative,rusentiment_random,"Явная или подразумеваемая негативная оценка либо настроение, включая сарказм."
"Как дела, дорогой ? Скучаю))))))))))",negative,rusentiment_random,"Явная или подразумеваемая негативная оценка либо настроение, включая сарказм."
"Педали, а заодно руль и коробка передач нацизма во всей красе.",negative,rusentiment_random,"Явная или подразумеваемая негативная оценка либо настроение, включая сарказм."
не ты охренела или что?),negative,rusentiment_random,"Явная или подразумеваемая негативная оценка либо настроение, включая сарказм."
"[id26131921|Лизуня]
нахуй!!!! 24.09.11
 [id83260700|Кирилл]
ахахах...школота школота... 24.09.11
 [id26131921|Лизуня]
ты блять сам иди в жопу если ты думаешь че сам такой мачо то глубоко ошибаешся!!!!!!!!!! 24.09.11
 [id83260700|Кирилл]
Иди спать....я нехочу с тобой переписыватса ты мне не интересна. 24.09.11
 [id26131921|Лизуня]
вообще правильно говорить ""собираюсь"" ну да ладно...
кто это? 24.09.11
 [id83260700|Кирилл]
Собераюсь смотреть винчестеров... 24.09.11
 [id26131921|Лизуня]
чччччче делаешь? 24.09.11
 [id83260700|Кирилл]
ку 24.09.11
 [id26131921|Лизуня]
пре... 24.09.11
 [id26131921|Лизуня]
нет,но можна познакомиться.... 24.09.11
 [id83260700|Кирилл]
Знакомы? 22.09.11",negative,rusentiment_random,"Явная или подразумеваемая негативная оценка либо настроение, включая сарказм."
"""Познания умножают скорбь....""(с)",neutral,rusentiment_random,"Факт, вопрос, реклама или описание без тональности. Смайлик сам по себе не делает пост тональным."
приходите!! мы ждем Вас!!,neutral,rusentiment_random,"Факт, вопрос, реклама или описание без тональности. Смайлик сам по себе не делает пост тональным."
"МАРА. (время Самхайн)
Автор- фотодизайнер Евгения Атаманова 
МАРА, как ее сестра Леля, обладает такими качествами, как изящество, очарование, а также притягательной приворотной энергией. Но, в отличие от ЛЕЛИ, богиня МАРА более требовательна к выполнению различных задач, и никакими жертвами ее не замолишь, потому что единственная жертва, которую она принимает – это стойкий ДУХ человека, стремящегося к реализации своих целей.",neutral,rusentiment_random,"Факт, вопрос, реклама или описание без тональности. Смайлик сам по себе не делает пост тональным."
Как я был наблюдателем на референдуме в Севастополе )),neutral,rusentiment_random,"Факт, вопрос, реклама или описание без тональности. Смайлик сам по себе не делает пост тональным."
"НАТОЧИЛ Я СВОЙ ТОПОР
ГОЛОВЕШЕК ПОЛОН ДВОР!!!!!!!",neutral,rusentiment_random,"Факт, вопрос, реклама или описание без тональности. Смайлик сам по себе не делает пост тональным."
Правда ли?,neutral,rusentiment_random,"Факт, вопрос, реклама или описание без тональности. Смайлик сам по себе не делает пост тональным."
А что если бы России не было..?,neutral,rusentiment_random,"Факт, вопрос, реклама или описание без тональности. Смайлик сам по себе не делает пост тональным."
"На сосне веселый дятел
Белке домик конопатил!",neutral,rusentiment_random,"Факт, вопрос, реклама или описание без тональности. Смайлик сам по себе не делает пост тональным."
Ты вообще в курсах что сегодня др Пинки Пай? о:,neutral,rusentiment_random,"Факт, вопрос, реклама или описание без тональности. Смайлик сам по себе не делает пост тональным."
А ЭТО ТЕБЕ!,neutral,rusentiment_random,"Факт, вопрос, реклама или описание без тональности. Смайлик сам по себе не делает пост тональным."
Саня!!! С Днем Рождения!,speech,rusentiment_random,"Поздравление, благодарность, приветствие или пожелание — речевой акт, даже если он «позитивный»."
Спасибо зай  [id205821409|Таня Горяйстова]  ты лучшая..))😍😎  знаешь как поддержать😂😝,speech,rusentiment_random,"Поздравление, благодарность, приветствие или пожелание — речевой акт, даже если он «позитивный»."
С Днем Рождения!!!)),speech,rusentiment_random,"Поздравление, благодарность, приветствие или пожелание — речевой акт, даже если он «позитивный»."
"ПОЗДРАВЛЯЮ!!!!!!!
☆Отправлено через",speech,rusentiment_random,"Поздравление, благодарность, приветствие или пожелание — речевой акт, даже если он «позитивный»."
"В красной шубе, с 
красным носом, Дед фигарит по морозу. В шапке, с палкой и мешком и с 
бухим снеговиком. Рядом кролик в каблуках и снегурка на рогах. Если 
встретишь этот сброд, значит скоро Новый год!!! Желаю в жизни 
спотыкаться, падать и плакать... но...Спотыкаться об деньги... Падать в 
объятия... Плакать от счастья.....В наступающем 2011 году желаю тебе 12 
месяцев без болезни, 53 недели вс",speech,rusentiment_random,"Поздравление, благодарность, приветствие или пожелание — речевой акт, даже если он «позитивный»."
С Днём Рождения!:*),speech,rusentiment_random,"Поздравление, благодарность, приветствие или пожелание — речевой акт, даже если он «позитивный»."
"Спасибо Настенька , очень вкусный торт !!!!",speech,rusentiment_random,"Поздравление, благодарность, приветствие или пожелание — речевой акт, даже если он «позитивный»."
С Днем Рождения ! !  !,speech,rusentiment_random,"Поздравление, благодарность, приветствие или пожелание — речевой акт, даже если он «позитивный»."
"*О*....
Я польщена!От этих слов,редко кто мне это говорит, спасибо очень приятно))).Жаль зараза не скажешь мне кто ты? 😆",speech,rusentiment_random,"Поздравление, благодарность, приветствие или пожелание — речевой акт, даже если он «позитивный»."
Любимый мой мужчина поздравляю тебя с днем влюбленных! Желаю любить и быть любимым! Люблю тебя очень*,speech,rusentiment_random,"Поздравление, благодарность, приветствие или пожелание — речевой акт, даже если он «позитивный»."
"Приходит Вовочка домой. 

Папа у него спрашивает: 

- Как дела, сынок? 

- Учительница музыки вызывает тебя в школу. 

- А что ты натворил? - спросил отец. 

- Все пели песню ""Какой у парня был конец"", а я
ещё и показывал.",skip,rusentiment_random,"Неясно без контекста, не русский язык, шутка или смешанный неразборчивый случай. При сомнении — skip."
"[id8373964|Сучечкаааа^^], ты охуенна
З.Ы. шутка:)",skip,rusentiment_random,"Неясно без контекста, не русский язык, шутка или смешанный неразборчивый случай. При сомнении — skip."
"Для тех, кто хочет блять ностальгии",skip,rusentiment_random,"Неясно без контекста, не русский язык, шутка или смешанный неразборчивый случай. При сомнении — skip."
"Если ты первый раз приготовил борщ, и он оказался кислым и невкусным: добавь на кастрюлю 1 столовую ложку сахара — сахар вберёт в себя излишнюю кислоту.
Затем следует опустить в кипящий борщ марлю с рисом — это снизит чрезмерную насыщенность.
И в конце следует добавить немного лаврушки и чеснока.
Прокипяти его ещё 5-7 минут, потом остуди до комнатной температуры, подрежь свежего укропа и вылей нахер это говно в унитаз. Свари пельменей и больше не выёжывайся. Борщ он тут готовит, кулинар, млядь!",skip,rusentiment_random,"Неясно без контекста, не русский язык, шутка или смешанный неразборчивый случай. При сомнении — skip."
Женщины! Будьте бдительны! Женька оголяется без предупреждения!!! 😆,skip,rusentiment_random,"Неясно без контекста, не русский язык, шутка или смешанный неразборчивый случай. При сомнении — skip."
Хорошая зп требует жертв )),skip,rusentiment_random,"Неясно без контекста, не русский язык, шутка или смешанный неразборчивый случай. При сомнении — skip."
Костерево БЛЯЯЯЯЯ)))))).ДК)))))))).,skip,rusentiment_random,"Неясно без контекста, не русский язык, шутка или смешанный неразборчивый случай. При сомнении — skip."
"Коханий,я люблю  тебе сонечко )",skip,rusentiment_random,"Неясно без контекста, не русский язык, шутка или смешанный неразборчивый случай. При сомнении — skip."
"Согласно исследованиям, питерцам нужно для счастья 87 000 рублей в месяц, а москвичам - 90 000 рублей в месяц. Видимо, все то же самое, и билет на Сапсан до Питера.(с)",skip,rusentiment_random,"Неясно без контекста, не русский язык, шутка или смешанный неразборчивый случай. При сомнении — skip."
кто хочет прийти на чай с тортиком с чаем и тортиком? xD,skip,rusentiment_random,"Неясно без контекста, не русский язык, шутка или смешанный неразборчивый случай. При сомнении — skip."
воскресное утро ! самое дело отправиться на велопробежку !,positive,rusentiment_test,
#уменянормальновсё,positive,rusentiment_test,
"Лето, солнце, жара!:)",positive,rusentiment_test,
Наши красавцы. 1:3 в первом периоде и 7:3 в итоге.,positive,rusentiment_test,
Гггг...есть)))),positive,rusentiment_test,
Сон - бальзам природы. 〰,positive,rusentiment_test,
КЛАССНАЯ АВА:),positive,rusentiment_test,
"Хочу такую футболку, как на аве)))",positive,rusentiment_test,
ахахах...правда;D,positive,rusentiment_test,
Обожаю так засыпать ;)))),positive,rusentiment_test,
"Кузьминки
И мы счастливы",positive,rusentiment_test,
"Маленькая прогулка,с моей любимой <З",positive,rusentiment_test,
Милость зашкаливает :D,positive,rusentiment_test,
"Когда сжимаю я твои ладони,
То потихоньку начинаю понимать,
Что в мире называется любовью
И как приятно это испытать...",positive,rusentiment_test,
мои любимые бабехи!,positive,rusentiment_test,
"Время круто нас поменяло.....но любовь к Сонечке все такая же сильная, как и была!  💞",positive,rusentiment_test,
Мои кисии),positive,rusentiment_test,
"И представил я: трехкомнатная квартира и нормальная, любящая жена. И подумал, что это - хорошо!",positive,rusentiment_test,
любимому две ложечки  сахара!!!,positive,rusentiment_test,
Вот так должен работать каждый артист ),positive,rusentiment_test,
"Сегодня во сне я видел трёхметровых лам. Не тех, что похожи на шерстяных червей на ножках, других - я не разбираюсь в породах. Но главное, что они были трёхметровыми. Это было необъяснимо непостяжимо прекрасно.",positive,rusentiment_test,
"Я была нормальной, правда. Пока не встретила ту,которую называю своей лучшей подругой. но я её люблю) спасибо что ты у меня есть))",positive,rusentiment_test,
"Фест прошел,впечатления самые позитивные,дождь нам не помеха.",positive,rusentiment_test,
"Сегодня такой прекрасный день!
Столько встреч, интересных знакомств и положительных эмоций. А началось все с того, что нас попросили эвакуироваться с СушиДома, ибо нефиг сидеть в дыму. Они погорели немножко, какая жаль. Надеюсь, что уже завтра у них будет всё в порядке. 
#ДоброеУтро",positive,rusentiment_test,
"Я доверяю немногим. Но эти немногие, мне реально дороги.",positive,rusentiment_test,
Случайно нашел в нете! Реально! Прикольно!!! )))))),positive,rusentiment_test,
никогда не забуду эти сутки!!! они были самые лучшие,positive,rusentiment_test,
А у нас уже 2015!!! УРА🎊🎉🎊🎉 @ Кафе-бар Маяк,positive,rusentiment_test,
"Спасибо, что ты делаешь мою жизнь ярче😘 я люблю тебя 💖💞💏",positive,rusentiment_test,
"ухххх))) 
новый Custom огонь)",positive,rusentiment_test,
"не знаю понравится, не знаю,нет,но она классная;)",positive,rusentiment_test,
Прикольные :),positive,rusentiment_test,
самый лучший выпуск и самые лучшие!!!! [in my opinion:)],positive,rusentiment_test,
"привeтик ЛЮБИМЫЙ)
я тeбя очeнь люблю котя моя
:Ь",positive,rusentiment_test,
Красиво сказано!,positive,rusentiment_test,
Сержант ДОМА!,positive,rusentiment_test,
и я фоткаца хочу :),positive,rusentiment_test,
У меня сестра красотулька!!!!)))),positive,rusentiment_test,
Селфи дня )),positive,rusentiment_test,
Вчера была денюха у моего любимого отечественного композитора - Сергея Рахманинова. Вместо кучи хвалебных эпитетов лучше просто послушать его музыку.,positive,rusentiment_test,
дайт мне автомат...,negative,rusentiment_test,
у СОВРЕМЕННОЙ ЭКОНОМИКИ НЕТ НИКАКОЙ ЭКОНОМИКИ ГОСУДАРСТВЕННОЙ.    МНЕ  РАБОЧЕЙ ОТ ТОКАРНОГО СТАНКА СОЗДАЮЩЕЙ СОБСТВЕННЫМИ РУКАМИ МАТЕРИАЛЬНЫЕ ЦЕННОСТИ С ДЕТСТВА ИЗВЕСТНО ЧТО ЭКОНОМИКА ЭТО И ЕСТЬ СОЗДАНИЕ МАТЕРИАЛЬНЫХ ЦЕННОСТЕЙ СВОИМИ РУКАМИ В СВОЕЙ СТРАНЕ.  ЭТО ЗНАЛИ И  ОСУЩЕСТВЛЯЛИ ПОСЛЕ ВОЙНЫ С 1944 Г  ВСЕ НАРОДЫ ВОССТАНАВЛИВАЯ ЗАВОДЫ ФАБРИКИ СЕЛЬСКХОЗЯЙСТВА.         СЕГОДНЯ ХОЗЯЕВАМ НАПЛЕВАТЬ НА ВСЕ ОНИ И ТАК БОГАТЫЕ ГОСПОДА.              А ЭКОНОМИКУ ЗАМЕНЯЮТ ПОЛИТИКОЙ СЛИЗАННОЙ С АМЕРИКАНЦЕВ   И МИЛЛИОНЫ ДЕРЖАТ В ЧУЖИХ БАНКАХ. НА СЕГОДНЯШНИЙ ДЕНЬ У МЕНЯ ОБРАЗОВАНИЕ ЭКОНОМИЧЕСКОЕ-ВЫСШЕЕ И ПРЯМО ВАМ ГОВОРЮ У РОССИИ НЕТ ЭКОНОМИКИ В РОССИИ ТОЛЬКО БАРДЕЛЬ ПОЛИТИКОВ   .,negative,rusentiment_test,
Приболел:(((,negative,rusentiment_test,
"я не в депрессии. 
я просто наедине со своими мыслями. 
но от них как-то хочется немножко сдохнуть.",negative,rusentiment_test,
"Мудак, он как ромашка - то любит, то сука нет.",negative,rusentiment_test,
"Сосни тунца,еби коней , ведь ты наш батюшка пупей",negative,rusentiment_test,
"Вот за такие статьи журналистов нужно наказывать!!!! Я был на той реконструкции и праздновали там победу над фашистами. А журналисты все перекривили............""Мода на военные реконструкции докатилась и до крымчан. К сожалению, организаторам и участникам таких реконструкций не всегда хватает исторического такта и здравого смысла. Смешение символов современности с историческим прошлым порой приводит к чудовищным комбинациям.

В преддверии празднования Дня Победы на военно-исторической реконструкции важнейших сражений времен Великой Отечественной войны в селе Константиновка под Симферополе не обошлось без скандала. Крымские регионалы решили соединить флаги Партии регионов с нацистской символикой.""",negative,rusentiment_test,
"Рублю пизда, все расходимся, ничего интересного
58 доллар
72 евро",negative,rusentiment_test,
""" Бывшие парни - как жвачка - пожевала и выплюнула. Да, было вкусно, но с пола не хочется. ”©",negative,rusentiment_test,
ты додик и пиздло.,negative,rusentiment_test,
"Ваня я по поводу твоего хелпера на серве Ogyrochek.Достал летает по серву говорит всем о бане,пугает новичков,подозревает всех в дюпе и его хранении,мой друг играет я его пригласил дал гибридок и тут он отдавай или забаню нахер.Я построил пасику он туда залетел пчелы его покусали и он мне несет""отравление хелпера бан"" . Cделай чет потомуш воще пиздец.",negative,rusentiment_test,
"Комп тупит жутко, коряво ОзО",negative,rusentiment_test,
"дни летят, и я уже совсем не та.",negative,rusentiment_test,
"Ключ от моего сердца
Ты уже не получишь.
Ты для меня бывший,
Я не хочу больше ничего слушать.
Надменными глаза
Мои не будут,
И наше прошлое я не забуду.",negative,rusentiment_test,
НЕ ВАРИАНТ....,negative,rusentiment_test,
"Правильно про нас говорят, точнее мы про себя: для русского человека единственным знаком запрещающим проезд является бетонный блок поперек дороги, все остальные - предупреждающие. Именно поэтому у нас придумали такое ноу-хау в виде металлических ловушек, подымающихся из земли. Когда же мы это быдлятство то изживем?",negative,rusentiment_test,
ну все щенок ты огребаешь за пиздеж,negative,rusentiment_test,
"С одной стороны - приятно узнать, что не один ты не веришь в эту особую ""темную материю"". Бальзам на раны, так сказать... Но с другой... Когда замечаешь несколько мелких передергиваний появляется мысль: а может быть тут все (или почти все) - передергивание? И с подозрением смотришь на цифры, которые надеялся и мечтал увидеть уже лет 20. Ну не мог человек, получивший диплом физика, написать: ""считается общепризнанным, что все события электродинамики развиваются в абсолютной пустоте"". А комментарии к теории БВ? Не представляю, где могут давать такое понимание современной физике? Разве что в университете племени Тумба-Юмба... (А гипотеза Лебедева нравится. Несмотря ни на что).",negative,rusentiment_test,
"Все, кого ты любил, или бросят тебя или умрут.
Все, что ты создал, будет забыто.
Все, чем ты гордился, будет со временем выброшено на помойку.",negative,rusentiment_test,
"как то не очень круто, я на больничном. завтра приду скорее всего",negative,rusentiment_test,
"""Чем меньше девушку мы любим,тем больше нравимся мы ей""...как эта правда бесит...",negative,rusentiment_test,
"Как говорится, люди смеются, чтобы не заплакать....",negative,rusentiment_test,
"И вроде все достаточно пиздато, но все равно какая-то хуйня!",negative,rusentiment_test,
вот и все... нет того добряка которым все пользуются... буду ходить и залупаться! надоело быть ни кем! и небуду просить о помощи!,negative,rusentiment_test,
Самая последняя спетая Михой песня ..... Грустно .....,negative,rusentiment_test,
Парадный костюм человека -гандона! Подарить бы некоторым!!!,negative,rusentiment_test,
И после этого он меня залил в черный список😩,negative,rusentiment_test,
у меня нет машины... нет нормальной работы... я не закончил еще универ в свои то 18 !! я неудачник,negative,rusentiment_test,
НЕ ТОРОПИТЕСЬ ЖИТЬ!!! сегодня на моих глазах опять сбили девушку... ПОХУИЗМ К СОБСТВЕННОЙ ЖИЗНИ НЕ ВЕДЁТ НИ К ЧЕМУ ХОРОШЕМУ!!! не забывайте,negative,rusentiment_test,
"Кьево-Ювентус5:2

Позор...",negative,rusentiment_test,
"к статусу.
На словах ты Лев Толстой, а на деле хуй простой!",negative,rusentiment_test,
"Давай забудем тот июль
Его уже не будет
Мы для любви нашли приют,
Увы но в разных людях.",negative,rusentiment_test,
"Ребят узнала только сегодня.... Царства небесного.... Кто поедет - родителям сил и терпения.... 
Скорбим безвременной утрате...... 😔",negative,rusentiment_test,
"Она привыкла морщить носк и надувать губки когда говорят про любовь,""Ребята любви нет""говорит она и никто не знает,как она плачет по ночам,плачь боли и отчаянья!",negative,rusentiment_test,
ото ты бяка!****,negative,rusentiment_test,
"Менты из ОП ""Дальний"" в Татарстане, сфабриковавшие дело на человека, которого затем мучили бутылкой от шампанского, получили примерно столько же, сколько Pussy riot. СЛАВА РОССИИ",negative,rusentiment_test,
"Это наверно всё таки по тихоньку приближается конец света!!!
Вашему вниманию МУЖСКАЯ "" Высокая Мода""!!!! Это же бл...дь просто чудо- чудное, да диво- дивное. Сапожки в рюшечку, гольфики шёлковые, да вы не ох...ели ? Оставьте нам уже нормальных мужиков в семейных труселях и тельняшках.",negative,rusentiment_test,
"После сегодняшней ночи я еще больше тебя не навижу - тварь. Ты скорее сделаешь мне глубокий отсос, чем сломаешь меня.",negative,rusentiment_test,
Ужассс извращёная девочка!,negative,rusentiment_test,
еду в электричке каже адско админить серваки через SSH по жопорезу .... особенно в районе Запрудни где сетка все время отваливается ....,negative,rusentiment_test,
"Говорили же тебе, облысеешь, татуху видно будет;)
Новый депутат городской Думы в Свердловской области.",neutral,rusentiment_test,
и тут приходит озарение,neutral,rusentiment_test,
Польша не заграница :)),neutral,rusentiment_test,
Сегодня Ивана Купала.Кто пойдет ночью купаться?,neutral,rusentiment_test,
Каждый день лучшие статусы здесь =>,neutral,rusentiment_test,
Какой самый лучший браузер?,neutral,rusentiment_test,
Социальная реклама. Скоро на трамваях Череповца!,neutral,rusentiment_test,
Хочешь такую?),neutral,rusentiment_test,
"Вы думаете, это Приморье?) А вот и нет, мы в 30 км от границы с Эстонией.",neutral,rusentiment_test,
а дедовщина которая впервые появилась в советской армии и перекочевала затем в армию российскую. почему в израиле молодежь рвется в армию.       ав рроссии-ссср приход повестки в военкомат страшнее чем вызов в суд по уголовному делу.,neutral,rusentiment_test,
Когда нечего делать,neutral,rusentiment_test,
Лечу во Владивосток. Ловить акулу-людоеда.,neutral,rusentiment_test,
Извините!А у Вас есть дети?,neutral,rusentiment_test,
Есть мощное воспоминание. И очень серьезный вопрос возникший в этой истории.,neutral,rusentiment_test,
"ДЕНЬ 64

1) ПОДТЯНУТЬ АНГЛИЙСКИЙ.
Ничего не сделал.
2) ПРОЧИТАТЬ КАК МОЖНО БОЛЬШЕ КНИГ.
Продолжил читать Мертвые души. Че то не могу никак дочитать ее.
3) ПОМОЧЬ ДРУГУ РАСКРУТИТЬ ПАБЛИК.
Сделал запланированное в Эпохе Клонов.
4) КРАСИВОЕ ТЕЛО.
Ничего не сделал.
5) ОТКРЫТЬ СВОЙ БИЗНЕС.
Ничего не сделал.
6) НАПИСАТЬ КНИГУ ВШ. (о чем книга, пока не допишу, не расскажу)
Ничего не сделал.
7) НАУЧИТЬСЯ ИГРАТЬ В ПОКЕР.
Ничего не сделал.
8) ШАХМАТЫ.
Ничего не сделал.
9) УЛУЧШИТЬ ДИКЦИЮ.
Ничего не сделал.
10) ВЫРАСТИТЬ ДОМА, ЧТО-НИБУДЬ СЪЕДОБНОЕ.
Как обычно ухаживаю.",neutral,rusentiment_test,
"Всем привет! Кто что слышал/знает, в этом году в Буковеле  соревнования по ДХ  или байк-фест планируеться? А то в календаре место указано, а даты пока еще нет...",neutral,rusentiment_test,
"Как то надоело про политику. Давайте поговорим про ведьм) Раньше в былые времена их сжигали на костре,в современом мире их уничтожают по другому,тем,что в них не верят( С чудесами так же , вы их уничтожаете своим скептецизмом. Верьте в чудо))  И оно обязательно произойдет)",neutral,rusentiment_test,
Ждем весну...,neutral,rusentiment_test,
"хоть и качество плохое, но обещал!!!!) ребятки видео-привет  вам!! Димка Куринов тебе тоже братишка!! просто дубарь был, я вообще там еле разговаривал!!))",neutral,rusentiment_test,
УМНАЯ МНЕ БАБА НЕ НУЖНА))))))),neutral,rusentiment_test,
28 мин уже пройдено,neutral,rusentiment_test,
"если ты ещё не в курсе, бери пока дают)) в вк всего 10 треков, в альбоме 12.",neutral,rusentiment_test,
"""аалло!Настя!! я сейчас на невском в метро! где метро??!!! ""  (с) Рита Гаврилова",neutral,rusentiment_test,
Лёш как там чертежи пирамид?)) продвигаются?)),neutral,rusentiment_test,
8 марта Женский день Весна,neutral,rusentiment_test,
Диана-белка ),neutral,rusentiment_test,
Валера...),neutral,rusentiment_test,
оккупанты в Киеве,neutral,rusentiment_test,
"Народ, 5S никто не хочет продать? Срочно куплю за наличные, завтра.",neutral,rusentiment_test,
"Чем больше спишь, тем больше спать охота. Чем больше ешь,тем больше аппетит приходит. И только с работой как-то всё не так.",neutral,rusentiment_test,
Одноклассники)),neutral,rusentiment_test,
"Голосуем за сердце нашего города!!!

#exprussia #сердцегорода #sputnikru",neutral,rusentiment_test,
Пригласи пожалуйста в группу друзей кто поет Или был в МИСТО,neutral,rusentiment_test,
"читая эту статью ни на минуту не усомнился в её правдивости, чего не могу сказать о статьях относящихся к партии власти...",neutral,rusentiment_test,
"Смотрим, на кого как на авторитета ссылается узбекская спортивная пресса",neutral,rusentiment_test,
"Большая Премьера клипа 

Тато ft. Вова Prime - Мама 

В главной роли : Александр Головин 

Смотреть тут - 

Режиссер клипа -",neutral,rusentiment_test,
Фото на ночь.,neutral,rusentiment_test,
"В проливе Лонг-Айленд всплыл РПКСН проекта 955 ""Борей"" - новость из рубрики Происшествия, актуальная информация, обсуждение новости, дискуссии на Newsland.",neutral,rusentiment_test,
"Назар, я  выбрал тебе спутницу жизни",neutral,rusentiment_test,
"Где надо зажгём, где надо потушим.",neutral,rusentiment_test,
"Поздравляю! Желаю тебе
Силы мужской и внимания женского,
Бизнес развить до масштаба вселенского,
Пива холодного в теплой компании.
Можно еще раз о женском внимании…
Денег буржуйских в бумажнике кожаном,
Меньше по жизни встречать отмороженных,
Тачку крутую и света зеленого,
(К пиву, забыла , побольше соленого),
Наших врагов замочить всех в сортире,
И, соответственно, мир во всем мире!",speech,rusentiment_test,
"Ярких эмоций, незабываемых встреч и полета души!☺️😘Ведь жизнь измеряется не количеством вдохов, а моментами, когда перехватывает дыхание!😌 👌
Happy b - day!!!😉😘😘👏",speech,rusentiment_test,
С днем рождением микстерша.,speech,rusentiment_test,
с днюхой братан,speech,rusentiment_test,
С Днюшкой),speech,rusentiment_test,
Здравствовать всем! Мира и Добра каждому в каждый дом!,speech,rusentiment_test,
"#ПетрРоманов отчественный заменитель для #ChrisEvans
Отечественный фильм #он-дракон открыл фапательных красавчиков, и уже хотя бы за это ему спасибо :3",speech,rusentiment_test,
"Братан, поздравляю С Днём Рождения!!!)🎂🎁🎉 
Желать ничего не буду, оно все равно не сбывается😄 
Просто оставайся такой же красивой, умной, интересной и весёлой 😏
P.S. Когда пойдём тратить твою пенсию? 😂👛💰💸",speech,rusentiment_test,
"С шестнадцатилетием, Максим! 😎
Пускай сбываются все задуманные желания и все вершины покоряются 👀
Я уверенна, что твоя целеустремлённость и огромный багаж знаний обязательно сделают тебя успешным просвещающим бизнесменом или может даже политиком, все зависит только от тебя 👮🏻
Пусть всегда сопутствует удача, хотя у тебя все получится и без неё 😉
Ставь себе все новые и новые цели и добивайся их, никогда не переставай развивать свои таланты, а у тебя их не мало!
Хорошо тебе там отпраздновать, чтобы слышно было на всю Британию 🎉",speech,rusentiment_test,
С Днюхой братишка 😘😘😘😍😍😍😍😜,speech,rusentiment_test,
С наступающем Новым годом и Днем рождения!!!,speech,rusentiment_test,
"Кирюха!)) С Днём Рождения тебя:)) Будь всегда таким милым и крутым) И стих: 
Желаю счастья и здоровья,
Окончить школу многоборья,
Чтоб не страдать от малокровья,
Будь добр  выпей сок морковий!",speech,rusentiment_test,
С Днём Рождения!!!!!!!!!,speech,rusentiment_test,
"С Днем Рождения !!!))
Счастья, здоровья , удачи и любви!!))
Надеюсь ты отметила свое 17летие незабываемо!!:))))
Скоро увидемся! :*:*",speech,rusentiment_test,
"С Днюхай .Удачи ,успехов , и выспаться.",speech,rusentiment_test,
Здрасте здрасте! =Р,speech,rusentiment_test,
С Днём варенья тебя)))))))))),speech,rusentiment_test,
"В день защитника отечества
 Другу хочется желать
 Всю страну и человечество
 От угрозы защищать.

 Пусть мечты твои сбываются,
 Пусть всегда удача ждет,
 Все на свете получается,
 И любовь тебя ведет!",speech,rusentiment_test,
С наступающим✨😻💕,speech,rusentiment_test,
Доброе))) Как ты?,speech,rusentiment_test,
"С Днем Рождения:3 Всего тебе самого наилучшего и счастливого:3 Удачи в жизни, успехов:3",speech,rusentiment_test,
С Днём Рождения Машеньку!..:))),speech,rusentiment_test,
"С Днем Варенья,подруга!)))",speech,rusentiment_test,
"Дорогие мои родные,близкие,друзья и знакомые!!!От всей души поздравляю вас с наступающим 2013 годом!!!Хочется войти в Новый Год максимально позитивно,поэтому я прошу прощения у тех,кого чем-либо обидел,если порой ""перегибал палку"" или делал фсё не совсем так как хотелось бы!!!На самом деле я очень дорожу тем ,что вы есть у меня!!!Хочу пожелать всем всем всем в новом Году удачи во всех начинаниях,крепкого здоровья,ошеломительной взаимной любви,и погоды в доме!!!Пускай 2013 исполнит все ваши заветные мечты!!!С Новым  Годом дорогие мои!!!!",speech,rusentiment_test,
Рама прива как оно что нового как учеба????????,speech,rusentiment_test,
"С Днём Рождения🎉🎊всего самого хорошего)учись на отсняли всегда омьаваяйся такой веселой, милой и красивой)🎉🎊☺️😜",speech,rusentiment_test,
с днем рождения!!!,speech,rusentiment_test,
Сднемрожденьяуважаемыйтынашчеловекуспеховдобраростабудьмолодцом!!!!! Александр Евгенич !!!,speech,rusentiment_test,
"Галина, поздравляю тебя! Ты уже 700 Дней ВКонтакте!",speech,rusentiment_test,
"Юдин, С Днем Рождения!!! Здоровья,счастья,любви тебе побольше))) Работы поменьше,зарплаты побольше и всего самого самого наилучшего)))",speech,rusentiment_test,
"Бодичка,с днем рождения)Всего тебе самого офигенного...а самое главное здоровья и много много улыбок)))*",speech,rusentiment_test,
С Днем Св.Николая!!,speech,rusentiment_test,
"О, Филя, у тебя появилась подруга!!!:) Наконец-то!!!:) Поздравляю тебя с этим!!!:) Я кажется догадываюсь кто это...;)",speech,rusentiment_test,
"С днём рождения ,Лен*:*:*",speech,rusentiment_test,
С прошедшими именинами Вас барышня!,speech,rusentiment_test,
"Всем, кто помнит, огромное спасибо за то, что вы есть!!! Вы для меня значите многое!!!",speech,rusentiment_test,
"Спасибо милая подруга
За то, что рядом ты была
Когда мне было очень грустно
Когда осталась я одна
Спасибо милая подруга
За твои тёплые слова
За то, что поддержать меня сумела
За то, что поняла меня
Спасибо ты не раз ещё услышишь
Не раз услышишь телефона ты
звонок
Ведь знаю я понять меня ты
сможешь
Слова ты нужные найдёшь
Когда мне будет грустно одиноко
Когда я буду, счастлива и весела
С тобой лишь этим поделюсь я
Подруга милая моя
И я хочу, чтобы ты знала
И чтобы помнила всегда
Что если станет тебе трудно.",speech,rusentiment_test,
С Днем Рождения 😜😜😜😜😜,speech,rusentiment_test,
С Праздником),speech,rusentiment_test,
"Привет красавица ;)
Линочка надеюсь я не ошиблась :)",speech,rusentiment_test,
ну шо скажеш...я апйать мужик...,skip,rusentiment_test,
мммммммм)),skip,rusentiment_test,
#сектанты #наркоманы #этоонизачемтаксделали,skip,rusentiment_test,
Прибулець Сашко=DDD,skip,rusentiment_test,
"нaши дeвчёнки кaк дублёнки, мы их любим, но нaхуя они нaм в Египтe или в Турцыи тaм свои...",skip,rusentiment_test,
СПАСИБА КОШЕНЯ МАЛЕ )))*,skip,rusentiment_test,
Чё сука:))ОРут над тобой:)),skip,rusentiment_test,
"Если увидите, что мужик хлопает себя по заднице, не волнуйтесь - он ищет зажигалку.",skip,rusentiment_test,
ООО а це хто така?,skip,rusentiment_test,
Похудеешь тут с вами),skip,rusentiment_test,
"Да дела прискорбно 
а твои?
как тебе погода?",skip,rusentiment_test,
"Евгений Евтушенко — «Из всего настоящего...»

Из всего настоящего
перед чувством конца
я хотел бы хрустящего
малосольного огурца.",skip,rusentiment_test,
"Не тратьте жизнь на тех, кто вас не ценит,
На тех, кто вас не любит и не ждёт,
На тех, кто без сомнений вам изменит,
Кто вдруг пойдёт на ""новый поворот"".

Не тратьте слёз на тех, кто их не видит,
На тех, кому вы просто не нужны,
На тех, кто, извинившись, вновь обидит,
Кто видит жизнь с обратной стороны.

Не тратьте сил на тех, кто вам не нужен,
На пыль в глаза и благородный понт,
На тех, кто дикой ревностью простужен,
На тех, кто без ума в себя влюблён.

Не тратьте слов на тех, кто их не слышит,
На мелочь, не достойную обид,
На тех, кто рядом с вами ровно дышит,
Чьё сердце вашей болью не болит.

Не тратьте жизнь, она не бесконечна,
Цените каждый вдох, момент и час,
Ведь в этом мире, пусть не безупречном,
Есть тот, кто молит небо лишь о вас!",skip,rusentiment_test,
Какая грязь),skip,rusentiment_test,
"У нас, женщин, нет недостатков. Одни СПЕЦЭФФЕКТЫ!",skip,rusentiment_test,
"Хороший комментарий оставили: ""Зачем бить сотрудника, если его можно уволить?"".
Дело в том, что когда паспорт сотрудника у вас в кармане, он как ""шелковый""...",skip,rusentiment_test,
"Доброй ночки Вам, дорогие детишечки!Желаю всем приятных кошмарчиков!))))) Сегодня Вашему вниманию будет представлен любопытный хоррор-проэкт MORGUL -он появился из темноты мрачной норвежской metal сцены лютой норвежской зимой 1990-1991.
Демонический дуэт включал барабанщика Hex'a и мультиинструменталиста Jack D. Ripper'a (вокал, гитары, басс, клавишные). Жили они в Rade, пригороде Осло. В 2001-м Джек записал еще один альбом, ""Sketch of the Supposed Murderer"". Эти два последних альбома Morgul сравнивают с творчеством Ulver и Arcturus.",skip,rusentiment_test,
ахахахахахаахахахх бляяя я вмирала))))))))),skip,rusentiment_test,
"МАМА, СПАСИБО ТЕБЕ ЗА ТО, ЧТО РОДИЛА ТАКОГО ЛАКЕРА В РУЛЕТКАХ.
 ЗА ДВА ДНЯ ИЗИ 700$ НА РУЛЕТКЕ ОТ АЛЬТЫ. 
И ТУТ Я РЕШИЛ В 4 УТРА ЗАЛИТЬ НА CSGOSHUFFLE ПОСЛЕДНИЕ СВОИ ИТЕМЫ НА 15$, И ОПА, НА 660$ ЗАКИНУЛИ ПАРНИ. 3% КАРЛ, 3%!!!!

 😃  😃  😃  😃  😍  😍  😍  ☺  ☺  ☺",skip,rusentiment_test,
"Вдруг из маминой из спальни, кривоногий и хромой, выбегает умывальник и...окончательно ломает неокрепшую детскую психику.",skip,rusentiment_test,
Заболiв!(((,skip,rusentiment_test,
люблю тебе моя мацьопа=**,skip,rusentiment_test,
"Для прихода радости, выпьем немного гадости.)))))))))",skip,rusentiment_test,
Трошки ще скулу;))),skip,rusentiment_test,
Вопрос для парней: Вы лежите в кровати между девушкой своей мечты и геем. К кому вы повернётесь спиной?,skip,rusentiment_test,
оооооуууу))),skip,rusentiment_test,
"артём артём имел таланты
по нотам музыку играл
по буквам вслух читал романы
по цифрам называл число",skip,rusentiment_test,
"Я в глазах твоих сгорая,
я в глазах твоих тону.
Жаль, что ты не запихаешь,
То как сильно Я люблю!",skip,rusentiment_test,
З Днем Народження)),skip,rusentiment_test,
"Как развлекаться на улице?: Обоссать листья, а после смотреть как модные тёлочки фоткаются в них на аватарку",skip,rusentiment_test,
ммм...Анька кого то ти любиш?,skip,rusentiment_test,
з 8 марта!,skip,rusentiment_test,
зенит - печенён!!!,skip,rusentiment_test,
класна авка...),skip,rusentiment_test,
Це я перед уроком)),skip,rusentiment_test,
Дарю свое сердце Кирюше Простому))),skip,rusentiment_test,
слава украине!!!,skip,rusentiment_test,
"Сейчас заспамят всю новостную ленту.
Спасибо дню рождения Цоя за это.",skip,rusentiment_test,
рамашка))))хаха...вона похожа на тебе))))),skip,rusentiment_test,
Красунька!!!,skip,rusentiment_test,
