scheme,accuracy,macro_f1,coverage,parse_errors,human_assignments,tokens,cost,latency
Один человек (среднее),0.6858540939548551,0.6868347479417597,1.0,0.0,1.0,0,150.0,
Majority vote людей,0.7866666666666666,0.7897727272727273,1.0,0.0,3.0,0,450.0,
Модель zero-shot,0.2,0.06666666666666667,1.0,0.0,0.0,68161,0.0,3.2978666666666667
Модель few-shot,0.20666666666666667,0.07991782229070364,1.0,0.0,0.0,108211,0.0,5.494786666666667
Модель reasoning,0.2,0.06666666666666667,1.0,0.0,0.0,72361,0.0,3.624466666666667
Модель structured,0.2733333333333333,0.18160935280121876,1.0,0.0,0.0,73083,0.0,4.070673333333334
Модель вместо одного человека,0.6876190476190477,0.6897247046235285,1.0,0.0,2.0,73083,300.0,4.070673333333334
Гибрид с порогом,0.6266666666666667,0.6374411136065271,0.3333333333333333,0.0,2.0,73083,300.0,4.070673333333334
Ансамбль моделей,0.8,0.7991222491592667,1.0,0.011111111111111112,0.0,102228,0.0,0.39812
